status_decode,pass_est,pass_rst,pass_ast,pass_dpi,pass_dvi,pass_gvi,pass_dus,pass_duf,pass_rlr,pass_pir,pass_rsr,pass_lre
HC,1.5525925167445536,343.6517920263146,9.472331042160112,149.8190691865789,274.34616361388163,52.466887215077634,29.16999999999983,-2.003986223977945,-22.823395891411145,6.025,18.177977758130496,146.9906924325674
PD,1.5515293262660694,308.18244025878334,9.90981188764231,186.12807759571686,302.78467593141903,51.171728455513566,31.599999999999962,-1.5118305318919072,-22.489414793708303,5.341666666666667,17.87092472829196,140.31471861471874
RBD,1.5494750620687894,322.42016405467575,12.999365974268894,171.81691025091095,286.9325235915587,55.3129404808351,31.465000000000128,-1.2562538689237066,-21.5559324577693,5.255,18.1390126933712,118.84449135004857
